UserId, ID, Title, Completed
1,1,delectus aut autem,false
1,2,quis ut nam facilis et officia qui,false
1,3,fugiat veniam minus,false
1,5,laboriosam mollitia et enim quasi adipisci quia provident illum,false
1,6,qui ullam ratione quibusdam voluptatem quia omnis,false
1,7,illo expedita consequatur quia in,false
1,9,molestiae perspiciatis ipsa,false
1,13,et doloremque nulla,false
1,18,dolorum est consequatur ea mollitia in culpa,false
2,21,suscipit repellat esse quibusdam voluptatem incidunt,false
2,23,et itaque necessitatibus maxime molestiae qui quas velit,false
2,24,adipisci non ad dicta qui amet quaerat doloribus ea,false
2,28,nesciunt totam sit blanditiis sit,false
2,29,laborum aut in quam,false
2,31,repudiandae totam in est sint facere fuga,false
2,32,earum doloribus ea doloremque quis,false
2,33,sint sit aut vero,false
2,34,porro aut necessitatibus eaque distinctio,false
2,37,sunt cum tempora,false
2,38,totam quia non,false
2,39,doloremque quibusdam asperiores libero corrupti illum qui omnis,false
3,41,aliquid amet impedit consequatur aspernatur placeat eaque fugiat suscipit,false
3,42,rerum perferendis error quia ut eveniet,false
3,45,velit soluta adipisci molestias reiciendis harum,false
3,46,vel voluptatem repellat nihil placeat corporis,false
3,47,nam qui rerum fugiat accusamus,false
3,48,sit reprehenderit omnis quia,false
3,49,ut necessitatibus aut maiores debitis officia blanditiis velit et,false
3,51,distinctio exercitationem ab doloribus,false
3,52,nesciunt dolorum quis recusandae ad pariatur ratione,false
3,53,qui labore est occaecati recusandae aliquid quam,false
3,57,pariatur et magnam ea doloribus similique voluptatem rerum quia,false
3,58,est dicta totam qui explicabo doloribus qui dignissimos,false
3,59,perspiciatis velit id laborum placeat iusto et aliquam odio,false
4,62,et placeat et tempore aspernatur sint numquam,false
4,64,voluptas consequatur qui ut quia magnam nemo esse,false
4,65,fugiat pariatur ratione ut asperiores necessitatibus magni,false
4,66,rerum eum molestias autem voluptatum sit optio,false
4,67,quia voluptatibus voluptatem quos similique maiores repellat,false
4,68,aut id perspiciatis voluptatem iusto,false
4,69,doloribus sint dolorum ab adipisci itaque dignissimos aliquam suscipit,false
4,70,ut sequi accusantium et mollitia delectus sunt,false
4,71,aut velit saepe ullam,false
4,72,praesentium facilis facere quis harum voluptatibus voluptatem eum,false
4,74,expedita tempore nobis eveniet laborum maiores,false
4,75,occaecati adipisci est possimus totam,false
4,77,maiores aut nesciunt delectus exercitationem vel assumenda eligendi at,false
4,78,reiciendis est magnam amet nemo iste recusandae impedit quaerat,false
5,82,voluptates eum voluptas et dicta,false
5,84,sunt veritatis ut voluptate,false
5,88,vitae aut excepturi laboriosam sint aliquam et et accusantium,false
5,94,facilis modi saepe mollitia,false
5,96,nobis suscipit ducimus enim asperiores voluptas,false
5,97,dolorum laboriosam eos qui iure aliquam,false
5,99,neque voluptates ratione,false
5,100,excepturi a et neque qui expedita vel voluptate,false
6,101,explicabo enim cumque porro aperiam occaecati minima,false
6,102,sed ab consequatur,false
6,103,non sunt delectus illo nulla tenetur enim omnis,false
6,104,excepturi non laudantium quo,false
6,107,praesentium facilis omnis laudantium fugit ad iusto nihil nesciunt,false
6,111,magni accusantium labore et id quis provident,false
6,112,consectetur impedit quisquam qui deserunt non rerum consequuntur eius,false
6,113,quia atque aliquam sunt impedit voluptatum rerum assumenda nisi,false
6,114,cupiditate quos possimus corporis quisquam exercitationem beatae,false
6,115,sed et ea eum,false
6,117,sequi quae est et qui qui eveniet asperiores,false
6,118,quia modi consequatur vero fugiat,false
6,119,corporis ducimus ea perspiciatis iste,false
6,120,dolorem laboriosam vel voluptas et aliquam quasi,false
7,123,esse et quis iste est earum aut impedit,false
7,124,qui consectetur id,false
7,125,aut quasi autem iste tempore illum possimus,false
7,128,eius omnis est qui voluptatem autem,false
7,129,rerum culpa quis harum,false
7,131,qui ea incidunt quis,false
7,134,molestiae doloribus et laborum quod ea,false
7,135,facere ipsa nam eum voluptates reiciendis vero qui,false
7,136,asperiores illo tempora fuga sed ut quasi adipisci,false
7,137,qui sit non,false
7,139,consequatur doloribus id possimus voluptas a voluptatem,false
8,143,eum non recusandae cupiditate animi,false
8,144,ut eum exercitationem sint,false
8,145,beatae qui ullam incidunt voluptatem non nisi aliquam,false
8,148,esse quas et quo quasi exercitationem,false
8,149,animi voluptas quod perferendis est,false
8,150,eos amet tempore laudantium fugit a,false
8,152,odit eligendi recusandae doloremque cumque non,false
8,153,ea aperiam consequatur qui repellat eos,false
8,160,et praesentium aliquam est,false
9,163,natus corrupti maxime laudantium et voluptatem laboriosam odit,false
9,164,reprehenderit quos aut aut consequatur est sed,false
9,165,fugiat perferendis sed aut quidem,false
9,166,quos quo possimus suscipit minima ut,false
9,167,et quis minus quo a asperiores molestiae,false
9,168,recusandae quia qui sunt libero,false
9,170,quisquam aliquam quia doloribus aut,false
9,172,et provident amet rerum consectetur et voluptatum,false
9,173,harum ad aperiam quis,false
9,174,similique aut quo,false
9,176,magni soluta corrupti ut maiores rem quidem,false
9,177,et placeat temporibus voluptas est tempora quos quibusdam,false
10,181,ut cupiditate sequi aliquam fuga maiores,false
10,184,molestias modi perferendis perspiciatis,false
10,185,voluptates dignissimos sed doloribus animi quaerat aut,false
10,186,explicabo odio est et,false
10,187,consequuntur animi possimus,false
10,192,ut quas possimus exercitationem sint voluptates,false
10,194,sed ut vero sit molestiae,false
10,200,ipsam aperiam voluptates qui,false
